Code NACRES,Total consommé par code NACRES et fournisseur,Fournisseur
AA01,60,ENS - ECOLE NORMALE SUPERIEURE
AA11,"114,4",TORRES MIRANDA ANTONIO
AA11,400,AS DESCARTES - ASSO SOC SPORTS CULTURE LOISIRS RESTAURATION PERSONNELS MESRI MENJI
AA11,"7,58",BOULANGERIE GUERRIER
AA11,"379,89",COMITE ACTION ENTRAIDE SOCIALE CNRS VILLAGE DE VACANCES VILLA CLYTHIA
AA11,435,ENS - ECOLE NORMALE SUPERIEURE
AA11,"27,01",MAISON DORE
AA14,"5,4",BOULHADDA BRIK
AA15,0,FROMAGERIE SAINT CHARLES MOUFFETARD
AA16,0,COOP-SAVEURS
AA21,"36,67",GAIA
AA21,"78,44",BOULHADDA BRIK
AA21,"12,65",FRANPRIX - AK CLAUDE BERNARD
AA21,"8,3",SUPER LHOMOND
AA21,"269,23",COMITE ACTION ENTRAIDE SOCIALE CNRS VILLAGE DE VACANCES VILLA CLYTHIA
AA22,"107,89",FRANPRIX - DISTRIMONGE
AA23,"570,47",DISTRIBUTION CASINO FRANCE GEANT MASSENA
AA23,"337,54",AMAZON EU SARL SUCCURSALE FRANCAISE
AA23,"6469,2",BAK & COMPAGNIE - JEFF DE BRUGES
AA23,"331,29",DCF - DISTRIBUTION CASINO FRANCE
AA23,"91,87",JM BRUNEAU
AA23,"51,43",AUCHAN HYPERMARCHE
AA23,"111,5",NESPRESSO FRANCE
AA23,"129,86",JEFF DE BRUGES EXPLOITATION
AA41,"14,71",FRANPRIX - DISTRIMONGE
AA41,"1044,36",ATS CULLIGAN
AA44,"249,99",ETABLISSEMENTS DARTY ET FILS
AA44,"1114,54",CHATEAU D'EAU
AA44,"449,99",DE' LONGHI APPLIANCES SRL
AA44,25,AMAZON EU SARL
AA44,"206,19",AMAZON FRANCE LOGISTIQUE SAS
AA44,"946,65",BOULANGER
AA61,2158,FONDATION IRLANDAISE
AA61,1368,COMITE ACTION ENTRAIDE SOCIALE CNRS VILLAGE DE VACANCES VILLA CLYTHIA
AA63,"309,6",SERVICES RESIDENCES CLUB NEUILLY
AA63,4622,LE PETIT GOURMET TRAITEUR
AA63,"3862,5",NABYT CHRISTOPHE TRAITEUR
AA63,"3271,88",SEILLER
AA64,"178,18",P.N.M LE PETIT ITALIEN
AA64,"1102,46",LILANE - RESTAURANT LILANE
AA64,"58,91",PAINS SALADES & FANTAISIES - NIMA YAD
AA64,"156,36",RESTAURANT MYTHO ASIE
AA64,"122,82",BISTROT MAUZAC/L. ELICA
AA64,"499,1",LE PERRAUDIN - FB FOOD & BEVERAGE
AA64,850,YES - CHEZ CASIMIR
AA64,"2211,84",YOUDEMA - I DIAVOLETTI
AA64,"1947,85",ARRIVEDERCI - CARLO GAY LUSSAC
AA64,"147,7",LE GRAND BISTROT - BRASSERIE L'EUROPEEN
AA64,29,PIERRE-CAFES - CAFE DES MUSEES
AA64,"37,55",XUEHONG (NEIGE ROUGE) - CHEN JING
AA64,0,SABRAJ - MGA SARL
AA64,"1978,23",LENA & MIMILE
AA64,"260,2",BNP PARIBAS - HELLO BANK
AA64,"10,62",NABYT CHRISTOPHE TRAITEUR
AA64,"2487,41",BOUILLON RACINE
AA64,"260,27",KOKONOR SARL
AA64,"113,47",NPA SAS AN AN RESTAURANT
AA64,"116,45",LA MAISON DU DIM SUM
AA64,"139,7",EXPRESS KEHRIBAR
AA64,"2463,62",TORRES MIRANDA ANTONIO
AA64,"1323,77",2 DEA
AA64,"19,48",ENS - ECOLE NORMALE SUPERIEURE
AA64,27,POKE GOURMAND
AA64,"77,5",HIKA
AA64,"51,55",COMPTOIR DU PANTHEON - LE COMPTOIR
AA64,0,LE COUPE-CHOU SOCIETE LA CHARTIERE
AA64,"169,1",GAIA
AA64,161,THE FRIENDLY KITCHEN
AA64,"108,82",SARL 13 POT DE FER LA MONTAGNE SANS GENEVIEVE
AA64,53,JEANCOLBANE OTTO
AA64,"230,7",LE DUO D&S - ARANDA CORPORATION
AA64,"275,18",JIP BAP - SEOUL MAMA
AA64,"118,9",L' ANTRE AMIS - LES ARTISANS CULINAIRES
AA64,285,LA COMPAGNIE GASTRONOMIQUE ECORESPONSABLE LA TABLE DE COLETTE
AA64,"218,33",CARNAR
AA64,"2779,56",LE PARADIS DES AMIS
AA64,"345,64",PHIMARCATH - L'INVITEE
AA64,"64,19",NA TRAITEUR SARL
AA64,"170,4",RESTAURANT LES 3 A
AA64,"335,2",SOCIETE OBSERVATOIRE LUXEMBOURG LE LUCO
AA64,0,BREATHE MONTORGUEIL
AA64,562,SELVA
AA64,0,IL POMOD'ORO - L2B RESTAURATION
AA64,"63,27",CAFE DE LA NOUVELLE MAIRIE - LE FLACON FLACON VOYAGEUR
AA64,"544,09",LA JEUNE MEUTE - LA MONTAGNE SANS GENEVIEVE
AA64,"817,67",KYAZ - PUB GAY LUSSAC
AA64,"109,2",MAISON DORE
AA64,0,LA BASCULE - CALUCHE
AA64,"74,5",L'OREE DU PARC L'OUSTAL
AA64,339,AMBASSADE DU CAFE
AA64,"136,7",RESTAURANT COUP DE TORCHON
AA64,"172,73",MIMI RAMEN
AA64,"681,82",MARTIN-COPELLETTI L'AUTHRE BISTRO
AA64,97,LES PAPILLES - BB SARL
AA64,195,CANTINELLA
AA64,"185,91",OUNDI - AUX DELICES DU LIBAN
AA64,"387,5",THEOPHRASTE
AA64,75,LE BISTROT MAZARIN
AA64,"3157,27",LE VIN SOBRE - BERNAUD SARL
AA64,"1015,01",GOLOSINO - GIRGENTI
AA64,"461,56",CASA MARIE
AA64,"43,73",K.S THAI KOK
AA64,806,OFF PARIS SEINE - CITY FLOATING AUSTERLITZ
AB01,"2517,06",UGAP - UNION DES GROUPEMENTS D'ACHATS PUBLICS
AB01,"1453,83",JM BRUNEAU
AB02,"664,99",MEUBLES IKEA FRANCE
AB02,"3140,26",JM BRUNEAU
AB03,"127,49",AMAZON EU SARL SUCCURSALE FRANCAISE
AB03,"565,83",MEUBLES IKEA FRANCE
AC01,"1693,01",UGAP - UNION DES GROUPEMENTS D'ACHATS PUBLICS
AC01,22,DOMINIQUE DUTSCHER  S.A.
AC11,"522,36",UGAP - UNION DES GROUPEMENTS D'ACHATS PUBLICS
AC21,"2293,08",KONICA MINOLTA BUSINESS SOLUTIONS FRANCE
AC31,"7782,17",AVANTAGE EXPRESS
AC31,"74,17",THE BRITISH LIBRARY*
AC31,"70,83",GRAFEEZ GROUP
AC31,"2008,92",KONICA MINOLTA BUSINESS SOLUTIONS FRANCE
AC31,11718,ENS - ECOLE NORMALE SUPERIEURE
AC31,0,ECOLE SUPERIEUR DE CHIMIE PARIS
AC31,"14,83",COPY SELF CORP
AF21,2738,FONDATION IRLANDAISE
BB01,"402,43",UGAP - UNION DES GROUPEMENTS D'ACHATS PUBLICS
BB01,"128,19",ORAPI HYGIENE
BB01,"213,08",GACD
BB01,"4,69",JM BRUNEAU
BB02,"106,22",UGAP - UNION DES GROUPEMENTS D'ACHATS PUBLICS
BB02,"25,8",AMAZON BUSINESS EU SARL
BB02,"99,99",ETABLISSEMENTS DARTY ET FILS
BB02,"11,16",BOULHADDA BRIK
BB03,"64,4",JM BRUNEAU
BB03,"22,16",UGAP - UNION DES GROUPEMENTS D'ACHATS PUBLICS
BB03,"39,99",AMAZON EU SARL SUCCURSALE FRANCAISE
BB24,400,CLS - CARGO LABO SERVICES
BD02,"971,22",UGAP - UNION DES GROUPEMENTS D'ACHATS PUBLICS
BD12,"201,43",LEROY MERLIN FRANCE
BD15,"2,03",UGAP - UNION DES GROUPEMENTS D'ACHATS PUBLICS
BD15,"46,92",AMAZON EU SARL SUCCURSALE FRANCAISE
BD21,"40,77",UGAP - UNION DES GROUPEMENTS D'ACHATS PUBLICS
BD21,"90,18",AMAZON PAYMENTS EUROPE S.C.A. AMAZON PAYMENTS EUROPE
BD21,"46,89",AMAZON EU SARL SUCCURSALE FRANCAISE
BD27,105,JM BRUNEAU
BE12,360,BAF
BE14,"2443,46",IPSOS ELECTRIC
BE14,704,BKER
BE15,"2143,44",E.R.CLIM SERVICES
BE15,"2096,76",TECHNICONTROL
BG02,"62,47",NASC - THE EUROPEAN ARABIDOPSIS STOCK CENTRE - SCHOOL OF BIOSCIENCES UNIVERSITY OF NOTTINGHAM
CA03,"27,5",AVANTAGE EXPRESS
CA11,"85,18",GANDI
CA21,"54,16",AVANTAGE EXPRESS
CA23,600,LETELLIER MARY ANN
CB01,"5,83",AVANTAGE EXPRESS
CB03,150,COMITE ACTION ENTRAIDE SOCIALE CNRS VILLAGE DE VACANCES VILLA CLYTHIA
CB12,"202,09",ORGANIZATION FOR COMPUTATIONAL NEUROSCIENCES - OCN
CE03,"225,14",ABEBOOKS.COM - ABEBOOKS EUROPE
CE03,"89,96",BNP PARIBAS - HELLO BANK
CE03,"375,1",AMAZON EU SARL SUCCURSALE FRANCAISE
CE03,"27,78",ABEBOOKS EUROPE GMBH
CE11,"185,98",SPRINGER CUSTOMER SERVICE CENTER GMBH
CE21,"140,1",DRYAD
CE34,0,UGAP - UNION DES GROUPEMENTS D'ACHATS PUBLICS
CH03,"121,39",GOOGLE IRELAND LIMITED
CH07,45,GITHUB
DA14,2220,SAVAC - SERVICE AUTOMOBILE VALLEE CHEVREUSE
DB12,"1987,65",COMITE ACTION ENTRAIDE SOCIALE CNRS VILLAGE DE VACANCES VILLA CLYTHIA
DB12,6981,GITES DE LA CHARNIE SAS
DB12,"279,6",SORBONNE UNIVERSITE
DB12,"90,88",CAES PAUL LANGEVIN - COMITE ACTION ENTRAIDE SOCIALE DU CNRS
DC01,702,KIT GROUP GMBH
DC01,"128674,25",FCM 3MUNDI
DC11,118,UK VISAS AND IMMIGRATION - HOME OFFICE
EB22,484,BIO-TECHNE
EC01,9000,METIERS DES INDUSTRIES DE SANTE ET DU BIEN ETRE MIS APPRENTISSAGE
EC01,190,SORBONNE UNIVERSITE
EC01,7800,ENS - ECOLE NORMALE SUPERIEURE
EC01,4200,INSTITUT PASTEUR
EC15,540,BIOSCIENCES & CO
FA01,"17,15",CRLF CHARLES RIVER LABORATOIRE FRANCE
FA01,40,SIGMA ALDRICH CHIMIE
FA01,"18,07",JANVIER LABS
FA01,15,FINE SCIENCE TOOLS GMBH
FA02,25,BIO RAD
FA02,30,COGER
FA02,"3931,98",AQUADIP B.V.
FA02,450,SIGMA ALDRICH CHIMIE
FA02,30,CLINISCIENCES -  NEO BIOTECH
FA02,"1053,15",CRLF CHARLES RIVER LABORATOIRE FRANCE
FA02,793,EARL LES BRUYERES
FA02,"323,28",JANVIER LABS
FA02,"333,56",PRO TRANS TRANSPORT GMBH
FA02,320,FISHER SCIENTIFIC S.A.S
FA02,26,OZYME
FA03,"26,69",JANVIER LABS
FB01,"9,1",LA POSTE
FB02,"1252,03",FEDEX EXPRESS FR TNT
FB02,25,LA POSTE
FB02,0,DHL INTERNATIONAL EXPRESS (FRANCE)
FB02,"2954,93",TRANSCOURRIER
FC01,"65,11",TRANSCOURRIER
FC01,18,PHYMEP
FC01,20,PROTEINTECH EUROPE
FC01,270,AIR LIQUIDE FRANCE INDUSTRIE
FC01,38,DOMINIQUE DUTSCHER  S.A.
FC01,"4,92",DISTRIMED
FC01,52,ABAQUEPLAST
FC01,18,INVIVOGEN
FC01,"109,29",FISHER SCIENTIFIC S.A.S
FC01,"8,25",PLASTI-D - LACRYLIC SHOP
FC01,40,SIGMA ALDRICH CHIMIE
FC01,"1855,52",FONDATION TARA FONDATION TARA OCEANS
FC01,"194,52","ADDGENE, INC*"
FC02,"113,28","ADDGENE, INC*"
FC02,"827,67",TRANSCOURRIER
FC02,"620,81",FEDEX EXPRESS FR TNT
FC11,"551,16",ALLEN INSTITUTE
FC11,255,EARL LES BRUYERES
FC11,"386,85",JANVIER LABS
FC11,"763,95",CRLF CHARLES RIVER LABORATOIRE FRANCE
FC11,180,MEG
FC12,48,LIFE TECHNOLOGIES SAS
FC12,"2354,7",WORLD COURIER FRANCE
FC12,"188,31","ADDGENE, INC*"
FC12,"204,43",TRANSCOURRIER
FC12,80,SIGMA ALDRICH CHIMIE
FC15,"11,21",THORLABS SAS
FC15,60,BIO-TECHNE - R & D SYSTEMS EUROPE LTD
FC15,22,EUROGENTEC FRANCE - STE EUROPEENNE DE BIOTECHNOLOGIE
FC15,"78,12",FISHER SCIENTIFIC S.A.S
FC15,100,ETH ZURICH VIRAL VECTOR FACILITY VVF
FC15,25,TAKARA BIO EUROPE
FC15,"941,96",FEDEX EXPRESS FR TNT
FD02,1880,KMV+
GA03,"60,88",AIR LIQUIDE FRANCE INDUSTRIE
GA04,"185,7",AIR LIQUIDE FRANCE INDUSTRIE
GA05,"888,07",AIR LIQUIDE FRANCE INDUSTRIE
GA09,809,AIR PRODUCTS
GA09,"1099,78",AIR LIQUIDE FRANCE INDUSTRIE
GA12,"298,86",AIR LIQUIDE FRANCE INDUSTRIE
GA51,"584,4",SOS AZOTE
GA55,"8544,61",CRYO EXPRESS SA
GA55,50,TAKARA BIO EUROPE
GA55,40,SIGMA ALDRICH CHIMIE
GA55,159,FISHER SCIENTIFIC S.A.S
GA55,54,SOBIODA
GA55,"60,74",TRANSCOURRIER
GA55,45,ENZO LIFE SCIENCES AG BRANCH OFFICE LYON
GA61,"2926,6",AIR LIQUIDE FRANCE INDUSTRIE
GA61,"1653,25",AIR PRODUCTS
GB11,"44,34",FISHER SCIENTIFIC S.A.S
GB12,"1210,33",AIR LIQUIDE FRANCE INDUSTRIE
GC03,"8549,46",LEICA MICROSYSTEMS SAS
HA01,"278,4",LABO MODERNE
HA01,"10615,11",UGAP - UNION DES GROUPEMENTS D'ACHATS PUBLICS
HA02,1610,LAPRO ENVIRONNEMENT
HA02,"71,85",FISHER SCIENTIFIC S.A.S
HA03,"70,64",UGAP - UNION DES GROUPEMENTS D'ACHATS PUBLICS
HA04,"87,9",WURTH MODYF FRANCE
HA05,"53,42",UGAP - UNION DES GROUPEMENTS D'ACHATS PUBLICS
HA06,"194,75",LABORATOIRE COTRAL
HA06,"35,79",POLEMIL
HA07,"5,17",UGAP - UNION DES GROUPEMENTS D'ACHATS PUBLICS
HA11,"432,65",VWR INTERNATIONAL
HA11,"3990,62",UGAP - UNION DES GROUPEMENTS D'ACHATS PUBLICS
HA12,"156,83",UGAP - UNION DES GROUPEMENTS D'ACHATS PUBLICS
HA23,"6359,24",FISHER SCIENTIFIC S.A.S
HB01,485,SARL LBP
HB01,1956,CLS - CARGO LABO SERVICES
IA01,"22843,61",DELL SAS
IA11,"12630,74",DELL SAS
IA11,"1763,44",INMAC WSTORE - MISCO
IA11,"17330,73",ECONOCOM PRODUCTS & SOLUTIONS
IA11,"2322,52",HP FRANCE SAS
IA12,"2902,01",INMAC WSTORE - MISCO
IA12,"7217,29",ECONOCOM PRODUCTS & SOLUTIONS
IA22,"20,16",PLANETE COMMERCE CARTOUCHE MANIA
IA22,"3146,89",UGAP - UNION DES GROUPEMENTS D'ACHATS PUBLICS
IA23,4703,INMAC WSTORE - MISCO
IA23,"978,7",GROUPE LDLC- FRE - MULTI EXPEDITIONS MAGINEA - HARDWARE.FR
IA23,"32,25",SECOMP FRANCE
IA23,"278,61",UGAP - UNION DES GROUPEMENTS D'ACHATS PUBLICS
IA23,"4,4",AMAZON EU SARL SUCCURSALE FRANCAISE
IA23,2700,EUROCAPA SARL
IA23,"2339,39",JV2R - MAC WAY - MISTER MAC - PC WAY - STOREVA - CRAZYPHONIC
IA24,"1067,07",AMAZON EU SARL SUCCURSALE FRANCAISE
IA24,119,JM BRUNEAU
IA24,"562,75",INMAC WSTORE - MISCO
IA24,"37,42",GROSBILL PRO - CYBERTECH COMPUTER
IA24,"15,99",AMAZON DIGITAL FRANCE SAS
IA24,"3484,56",ECONOCOM PRODUCTS & SOLUTIONS
IA24,"1709,68",SECOMP FRANCE
IA24,"135,97",AMAZON FRANCE LOGISTIQUE SAS
IA24,"23,05",HP FRANCE SAS
IA24,"554,49",AMAZON PAYMENTS EUROPE S.C.A. AMAZON PAYMENTS EUROPE
IA24,"1677,74",AMAZON BUSINESS EU SARL
IA24,"173,81",RS ET RADIOSPARES - RS COMPONENTS SAS
IA24,"109,91",IPC-Computer Deutschland Gmbh
IA24,"47,69",UGAP - UNION DES GROUPEMENTS D'ACHATS PUBLICS
IA24,"1331,43",DELL SAS
IA24,"56,55",AMAZON EU SARL
IA24,"101,2",LEMO FRANCE SARL
IA24,"465,06",APPLE STORE - APPEL RETAIL FRANCE EURL
IA24,"12,5",GINKGO
IA25,"13252,04",DELL SAS
IA25,378,SOFTWARE ATTITUDE
IA25,"290,58",RS ET RADIOSPARES - RS COMPONENTS SAS
IA25,"311,5",AMAZON EU SARL SUCCURSALE FRANCAISE
IA25,"566,66",MICRO CONSEIL COMPETENCE MICROCCASE
IA25,"539,97",INMAC WSTORE - MISCO
IA25,"3489,81",GROUPE LDLC- FRE - MULTI EXPEDITIONS MAGINEA - HARDWARE.FR
IA33,"48039,98",HEWLETT PACKARD FRANCE
IA41,13900,EUROCAPA SARL
IA41,"43,38",RS ET RADIOSPARES - RS COMPONENTS SAS
IA41,"527,01",AZENN
IA42,"35239,86",APIXIT
IB03,1390,INTELLIQUE STORIQ
IB11,"244,32",SCC FRANCE - SCC DIRECT - SCC EXCHANGE SCC STORE
IB11,"675,68",ACADEMIC SOFTWARE BV
IB11,"299,79",ADOBE SYSTEMS SOFTWARE IRELAND LIMITED
IB11,"109,94",LABTIVA INC - READCUBE DIGITAL SCIENCE & RESEARCH SOLUTIONS INC
IB11,"1351,71",ENS - ECOLE NORMALE SUPERIEURE
IB11,"55,99",AFFINITY EVENTS LIMITED
IB12,"299,79",ADOBE SYSTEMS SOFTWARE IRELAND LIMITED
IB12,"1241,48",SCC FRANCE - SCC DIRECT - SCC EXCHANGE SCC STORE
IB12,"140,01",ACADEMIC SOFTWARE BV
IB12,"36,74",WIRIS MATH & SCIENCE
IB12,"2908,46",RITME INFORMATIQUE
IB12,"620,4",SHI INTERNATIONAL SAS
IB21,"236,28","SCHRODINGER, LLC"
IB31,80,IVICA LETUNIC - BIOBYTE SOLUTIONS
IB31,"1685,44",SCIENCE SUITE INC - BIORENDER
IB31,"423,17","FASTSPRING - BRIGHT MARKET, LLC"
IB31,"111,48",SLIDES INC
IB31,"898,45",SLACK TECNOLOGIES LIMITED
IB31,"351,75",GRAPHPAD SOFTWARE LLC
IB31,874,RITME INFORMATIQUE
IB31,"113,49",DRYAD
IB32,"488,6",OVERLEAF- DIGITAL SCIENCE UK LIMITED
IB32,0,SERIF (EUROPE) LIMITED THE SOFTWARE CENTRE
IB32,"30,21",SLACK TECNOLOGIES LIMITED
IB32,"1,49",GOOGLE IRELAND LIMITED
IB32,"536,82",GRAPHPAD SOFTWARE LLC
IB32,"277,51",LABTIVA INC - READCUBE DIGITAL SCIENCE & RESEARCH SOLUTIONS INC
IB32,"89,88",DEEPL SE
IB32,"165,48",PAPERPILE LLC
IB33,"801,83",AVENAO SOLUTIONS 3D
IB33,"5541,78",ANDOR TECHNOLOGY LIMITED
IC01,325,MICRO CONSEIL COMPETENCE MICROCCASE
IC02,"408,33",MICRO CONSEIL COMPETENCE MICROCCASE
IC11,385,SARL ILT SERVICES INFORMATIQUE
IC11,"266,67",MICRO CONSEIL COMPETENCE MICROCCASE
IC23,8335,DELL SAS
IC31,4247,APIXIT
ID01,0,ECOLE SUPERIEUR DE CHIMIE PARIS
ID01,11413,ENS - ECOLE NORMALE SUPERIEURE
ID14,"249,99",GOOGLE IRELAND LIMITED
ID19,19264,VILLAR EMILIE
IE31,"569,65",AMAZON PAYMENTS EUROPE S.C.A. AMAZON PAYMENTS EUROPE
IE31,"299,69",AMAZON EU SARL SUCCURSALE FRANCAISE
IE36,"955,7",STEMMER IMAGING
IE36,0,FNAC DIRECT
IE42,"2131,82",LAYSAN BIO INC
IG01,"32,47",INMAC WSTORE - MISCO
IG04,"23,26",DOVEMA - DESTOCK ACCES
II02,"384,24",SFR - SOCIETE FRANCAISE DU RADIO TELEPHONE
II03,"318,77",THORLABS SAS
JA01,"1171,25",MANUTAN
JA01,"24,95",JM BRUNEAU
JA11,"600,08",DYSON
JA12,"712,4",TROTEC LASER FANCE SAS
JA12,"2219,85",TECHNICONTROL
JA14,297,ATS CULLIGAN
JB01,1885,EMI - EQUIPEMENTS MAINTENANCE INDUSTRIELLE
JB01,6121,SARL LBP
JB01,"3039,26",TECHNICONTROL
JB11,"777,99",VEOLIA WATER STI
KA01,"476,05",JANVIER LABS
KA01,"258,88",CRLF CHARLES RIVER LABORATOIRE FRANCE
KA02,"2776,51",JANVIER LABS
KA02,1045,MEG
KA02,"14616,11",CRLF CHARLES RIVER LABORATOIRE FRANCE
KA21,"4697,43",EARL LES BRUYERES
KA31,"577,5",DR LOHMANN DIACLEAN GMBH ECOCYTE BIOSCIENCE
KA31,7452,ENS - ECOLE NORMALE SUPERIEURE
KA34,"22,43",NATIONAL BIO RESOURCE PROJECT
KA34,"519,06",CAENORHABDITIS GENETICS CENTER CGC
KB02,"7160,32",SSNIFF Spezialdiäten GmbH
KB03,"149,76",BIO SERVICES BV*
KB31,"1910,4",AQUADIP B.V.
KB31,"710,99",PLANKTOVIE SAS
KB31,"51,54",AQUARIOPHILIE EUROPRIX
KC01,"2427,8",GENOBIOS
KC01,"97,5",INTELLIBIO
KC01,"316,72",NORTHWEST MARINE TECHNOLOGY
KC11,1638,PLEXX
KC23,"172,06",PCLB PHARMACIE CLAUDE BERNARD
KC25,"13,19",AMAZON EU SARL SUCCURSALE FRANCAISE
KC31,"46,5",EURO CHINA  SARL
KC51,"702,5",SERLAB
KC51,3683,LEE COMPANY
KC51,563,YMETRY
KC51,"2566,08",BIO SERVICES BV*
KE12,"3820,47",PHYMEP
KE12,"2,71",DISTRIMED
KE12,232,ELLSWORTH ADHESIVES FRANCE
KE12,1372,SONIDEL LIMITED
KE12,"374,85",FINE SCIENCE TOOLS GMBH
KE12,"58,74",DENTAL ELITE - EMBOUT.FR
KE13,"364,56",PHYMEP
KE22,"13,5",FINE SCIENCE TOOLS GMBH
KE22,"32,92",DISTRIMED
KE23,"40,75",CASTORAMA FRANCE
KE23,"11,67",LEROY MERLIN FRANCE
KE23,553,WORLD PRECISION INSTRUMENTS GERMANY GMBH
KE31,"3284,69",PHYMEP
KE31,"88,2",SILADENT DR BOHME & SCHOPS GMBH
KE31,"26,56",AMAZON EU SARL SUCCURSALE FRANCAISE
KE31,104,ABAQUEPLAST
KE31,"49,22",PLASTI-D - LACRYLIC SHOP
KE31,"40,74",GROUPE MONDIAL TISSUS GMT
KE31,"773,3","NEURALYNX, INC."
KE31,"823,83",E.S.V.I. - VETOLABO
KE31,"75,51",RS ET RADIOSPARES - RS COMPONENTS SAS
KE51,"6,57",SOCULTUR - CULTURA
KE51,7225,YMETRY
KE51,"2524,1",PHYMEP
KE51,"74,95",GROUPE MONDIAL TISSUS GMT
KF01,"1113,4",ETABLISSEMENTS SASSARO
KF01,495,APAVE EXPLOITATION FRANCE
KF02,"1568,46",TECNIPLAST FRANCE
KG01,"110,05",LABOKLIN - LABOR FUR KLINISCHE DIAGNOSTIK GMBH & CO KG
KG05,33081,ENS - ECOLE NORMALE SUPERIEURE
KG11,3588,ENS - ECOLE NORMALE SUPERIEURE
KG11,0,ECOLE SUPERIEUR DE CHIMIE PARIS
KG12,725,SORBONNE UNIVERSITE
KG12,"8978,1",ENS - ECOLE NORMALE SUPERIEURE
KG12,0,ECOLE SUPERIEUR DE CHIMIE PARIS
LA02,"842,66",SIGMA ALDRICH CHIMIE
LA02,"3830,25",CLINISCIENCES -  NEO BIOTECH
LA05,"917,67",CENTRAVET NANCY
LA05,"379,94",CENTRAVET PLANCOET
LA05,"2221,5",CLINISCIENCES -  NEO BIOTECH
LB03,"73,95",GACD
MA01,1356,MOLECULAR DEVICES (UK) LIMITED
MA01,3976,EUROBIO SCIENTIFIC
MA01,103,SIGMA ALDRICH CHIMIE
MA02,"1739,58",LEICA MICROSYSTEMS SAS
MA02,"382,5",BIOVALLEY
MA02,286,PELANNE INSTRUMENTS
MA45,"114,75",BIOMEDISYST
MA46,"23,82",THORLABS SAS
MA46,"1070,88",EVIDENT EUROPE GMBH EVIDENT EUROPE GMBH FRENCH BRANCH
MA46,59,MICRO CONTROLE SPECTRA PHYSICS
MA46,"2092,08",NIKON HOLDINGS EUROPE B.V.
MA46,1245,OPTOPRIM
MA46,"1500,12",LE BESCOT NOAN  TERNOG DESIGN
MA46,"21711,11",APPLIED SCIENTIFIC INSTRUMENTATION INC.
MB01,"1455,29",LEICA MICROSYSTEMS SAS
MB05,826,PIEZOCONCEPT
MB05,1440,CARL ZEISS
MB05,"4365,69",LEICA MICROSYSTEMS SAS
MB05,910,NIKON HOLDINGS EUROPE B.V.
MB05,1290,MICRO CONTROLE SPECTRA PHYSICS
MC02,"5962,5",ENS - ECOLE NORMALE SUPERIEURE
MC04,2000,UNIVERSITE PARIS CITE
NA05,112,FISHER SCIENTIFIC S.A.S
NA05,"1533,58",VWR INTERNATIONAL
NA05,245,LIFE TECHNOLOGIES SAS
NA05,"238,92",V W R INTERNATIONAL
NA06,"120,48",VWR INTERNATIONAL
NA07,240,MICROCHEMICALS
NA07,531,MILTENYI BIOTEC
NA07,860,TCI EUROPE NV
NA12,720,SIGMA ALDRICH CHIMIE
NA13,"239,43",LIFE TECHNOLOGIES SAS
NA13,"1297,2",REVVITY
NA13,1188,PERKINELMER SAS
NA13,"409,2",PERKINELMER SCIENTIFIC (FRANCE) SAS
NA21,135,EUROMEDEX FRANCE
NA21,"492,39",FISHER SCIENTIFIC S.A.S
NA21,344,MEDCHEMEXPRESS EUROPE-MEDCHEMTRONICA AB
NA21,"637,28",VWR INTERNATIONAL
NA21,"4780,12",SIGMA ALDRICH CHIMIE
NA21,36,EUROBIO SCIENTIFIC
NA21,200,MICROCHEMICALS
NA21,"1751,1",LIFE TECHNOLOGIES SAS
NA21,"1248,13",CHEM IMPEX INTERNATIONAL INC CHEM-IMPEX PRODUCTION
NA22,"392,5",LIFE TECHNOLOGIES SAS
NA22,"254,76",BERTIN TECHNOLOGIES
NA22,118,SIGMA ALDRICH CHIMIE
NA23,290,MICROCHEMICALS
NA24,"235,2",SIGMA ALDRICH CHIMIE
NA25,"4094,08",SIGMA ALDRICH CHIMIE
NA25,"35,1",SANTA CRUZ BIOTECHNOLOGY INC
NA25,"1405,8",EUROMEDEX FRANCE
NA25,432,DELTA MICROSCOPIES
NA25,"465,4",EUROBIO SCIENTIFIC
NA25,"227,2",BIOVALLEY
NA25,"65,9",DOMINIQUE DUTSCHER  S.A.
NA25,126,VWR INTERNATIONAL
NA25,311,MERCK CHIMIE
NA25,"819,5",LIFE TECHNOLOGIES SAS
NA25,"178,33",FISHER SCIENTIFIC S.A.S
NA26,"2015,04",SIGMA ALDRICH CHIMIE
NA26,"695,7",LIFE TECHNOLOGIES SAS
NA27,316,SIGMA ALDRICH CHIMIE
NA27,326,BIO-TECHNE
NA28,492,CLINISCIENCES -  NEO BIOTECH
NA28,"3399,77",SIGMA ALDRICH CHIMIE
NA28,774,BIO-TECHNE
NA28,"55,2",VWR INTERNATIONAL
NA28,936,INVIVOGEN
NA28,9600,GREENPHARMA
NA28,485,MEDCHEMEXPRESS EUROPE-MEDCHEMTRONICA AB
NA28,140,ABCAM (NETHERLANDS) BV
NA28,"107,67",UGAP - UNION DES GROUPEMENTS D'ACHATS PUBLICS
NA28,"4080,9",LIFE TECHNOLOGIES SAS
NA28,"1550,44",FISHER SCIENTIFIC S.A.S
NA28,"119,28",ABRC - ARABIDOPSIS BIOLOGICAL RESOURCE CENTER - THE OHIO STATE UNIVERSITY
NA31,"1575,14",SIGMA ALDRICH CHIMIE
NA31,"758,9",JENA BIOSCIENCE GMBH
NA31,"1973,6",MACHEREY NAGEL
NA31,"253,2",NEW ENGLAND BIOLABS FRANCE
NA31,"584,34",UGAP - UNION DES GROUPEMENTS D'ACHATS PUBLICS
NA31,"2169,89",LIFE TECHNOLOGIES SAS
NA31,35,EUROMEDEX FRANCE
NA31,2270,EUROBIO SCIENTIFIC
NA31,"1537,32",PROMEGA FRANCE
NA31,"1238,04",FISHER SCIENTIFIC S.A.S
NA31,"386,36","MOLECULAR INSTRUMENTS, INC."
NA31,389,OZYME
NA31,"10919,9",BIO-TECHNE
NA31,"133,92",ROTH SOCHIEL SOC CHIMIE ET ELECTROTECHN.
NA32,1039,TEBU BIO
NA32,3405,EUROBIO SCIENTIFIC
NA32,"2751,6",SIGMA ALDRICH CHIMIE
NA32,"495,42",UGAP - UNION DES GROUPEMENTS D'ACHATS PUBLICS
NA32,245,ATTO TEC GMBH
NA32,"3071,89",FISHER SCIENTIFIC S.A.S
NA32,"558,6",OZYME
NA32,"169,2",EUROMEDEX FRANCE
NA32,"830,11",LIFE TECHNOLOGIES SAS
NA41,"2719,9",OZYME
NA41,2180,TEBU BIO
NA41,"2463,12",LIFE TECHNOLOGIES SAS
NA41,399,VWR INTERNATIONAL
NA41,"1115,74",MILLIPORE SAS
NA41,6319,SYNAPTIC SYSTEMS GMBH
NA41,"3237,9",BIO-TECHNE
NA41,135,ACTIVE MOTIF SA
NA41,"1213,8",BIO RAD
NA41,754,AGRISERA AKTIEBOLAG
NA41,100,DIAGENODE SA
NA41,"536,41",TAKARA BIO EUROPE
NA41,337,INVIVOGEN
NA41,"75,33",DSHB - DEVELOPMENTAL STUDIES HYBRIDOMA BANK UNIVERSITY OF IOWA DEPARTMENT OF BIOLOGY
NA41,621,SANTA CRUZ BIOTECHNOLOGY INC
NA41,"2843,18",SOBIODA
NA41,"247,5",EUROMEDEX FRANCE
NA41,"2476,3",CLINISCIENCES -  NEO BIOTECH
NA41,"176,8",BIOLEGEND EUROPE BV
NA41,630,INNOVAGEN
NA41,"12043,25",ABCAM (NETHERLANDS) BV
NA41,925,ACTIVE MOTIF S.A.*
NA41,"13050,25",SIGMA ALDRICH CHIMIE
NA41,"754,4",COGER
NA41,1389,PROTEINTECH EUROPE
NA41,"3591,89",FISHER SCIENTIFIC S.A.S
NA41,"1060,98",MEDIMABS INC
NA42,"310,5",SANTA CRUZ BIOTECHNOLOGY INC
NA42,"1465,8",PROTEINTECH EUROPE
NA43,"2043,57",OZYME
NA43,"310,5",SANTA CRUZ BIOTECHNOLOGY INC
NA43,"592,32",SIGMA ALDRICH CHIMIE
NA43,308,LIFE TECHNOLOGIES SAS
NA44,"452,1",FISHER SCIENTIFIC S.A.S
NA44,750,SYNAPTIC SYSTEMS GMBH
NA45,"2438,25",OZYME
NA45,"209,7",EUROMEDEX FRANCE
NA46,"550,36",PROMEGA FRANCE
NA46,"57,8",NEW ENGLAND BIOLABS FRANCE
NA46,"1778,59",FISHER SCIENTIFIC S.A.S
NA46,"185,4",AGRISERA AKTIEBOLAG
NA46,631,OZYME
NA46,"922,65",LIFE TECHNOLOGIES SAS
NA46,"7651,73",INTERCHIM SA
NA47,160,LIFE TECHNOLOGIES SAS
NA47,1215,CLINISCIENCES -  NEO BIOTECH
NA47,454,EUROBIO SCIENTIFIC
NA47,432,DELTA MICROSCOPIES
NA47,"982,9",SIGMA ALDRICH CHIMIE
NA47,"3936,21",FISHER SCIENTIFIC S.A.S
NA47,1021,BIOVALLEY
NA51,"706,32","MOLECULAR INSTRUMENTS, INC."
NA51,70,SRD GMBH - SCIENTIFIC RESEARCH AND DEVELOPMENT GMBH
NA51,263,INTEGRATED DNA TECHNOLOGIES GERMANY GMBH
NA51,"1217,6","ADDGENE, INC*"
NA51,"3860,66",EUROFINS GENOMICS FRANCE
NA51,225,CHARITE - UNIVERSITATSMEDIZIN BERLIN
NA51,"4407,12",PROMEGA FRANCE
NA51,"2024,07",BIOMERS.NET GMBH
NA51,"856,3",SIGMA ALDRICH CHIMIE
NA51,"6372,84",EUROGENTEC FRANCE - STE EUROPEENNE DE BIOTECHNOLOGIE
NA51,"6389,34",ATDBIO LIMITED
NA51,"2040,25",INTEGRATED DNA TECHNOLOGIES BVBA
NA51,"453,95",NEW ENGLAND BIOLABS FRANCE
NA51,135,INVIVOGEN
NA51,"2826,67",LIFE TECHNOLOGIES SAS
NA51,"1847,05",HORIZON DISCOVERY BIOSCIENCES LTD
NA52,"2905,44",QIAGEN FRANCE SAS
NA52,"898,94",SIGMA ALDRICH CHIMIE
NA52,118,PROMEGA FRANCE
NA52,"4174,42",LIFE TECHNOLOGIES SAS
NA52,"629,4",JENA BIOSCIENCE GMBH
NA52,239,V W R INTERNATIONAL
NA52,"2650,65",MACHEREY NAGEL
NA52,"504,36",FISHER SCIENTIFIC S.A.S
NA52,"445,51",VWR INTERNATIONAL
NA52,"1668,2",NEW ENGLAND BIOLABS FRANCE
NA52,"69,36",ROTH SOCHIEL SOC CHIMIE ET ELECTROTECHN.
NA52,"129,3",EUROBIO SCIENTIFIC
NA52,"124,2",EUROMEDEX FRANCE
NA53,"546,08",LIFE TECHNOLOGIES SAS
NA53,"7299,8",NEW ENGLAND BIOLABS FRANCE
NA54,"174,1",NORTHWESTERN UNIVERSITY LIFE SCIENCES FINANCIAL SERVICES
NA54,"487,17",UGAP - UNION DES GROUPEMENTS D'ACHATS PUBLICS
NA54,"302,59",FISHER SCIENTIFIC S.A.S
NA54,0,ROCHE DIAGNOSTICS FRANCE
NA54,"6034,56",PROMEGA FRANCE
NA54,"750,5",QIAGEN FRANCE SAS
NA54,"14449,8",NEW ENGLAND BIOLABS FRANCE
NA54,1797,INTEGRATED DNA TECHNOLOGIES BVBA
NA54,53,EUROBIO SCIENTIFIC
NA54,570,OXFORD NANOPORE TECHNOLOGIES  PLC
NA54,"1272,79",LIFE TECHNOLOGIES SAS
NA54,"577,5",JENA BIOSCIENCE GMBH
NA54,"1217,3",TAKARA BIO EUROPE
NA54,"2346,6",SIGMA ALDRICH CHIMIE
NA55,"6132,6",ROCHE DIAGNOSTICS FRANCE
NA55,"762,42",TAKARA BIO EUROPE
NA55,"831,6",AGILENT TECHNOLOGIES FRANCE
NA55,"2965,3",NEW ENGLAND BIOLABS FRANCE
NA55,"364,24",UGAP - UNION DES GROUPEMENTS D'ACHATS PUBLICS
NA55,4396,PROMEGA FRANCE
NA55,"6518,98",LIFE TECHNOLOGIES SAS
NA55,602,JENA BIOSCIENCE GMBH
NA55,"661,55",OZYME
NA55,"4062,19",SIGMA ALDRICH CHIMIE
NA55,451,CLINISCIENCES -  NEO BIOTECH
NA55,"3583,03",FISHER SCIENTIFIC S.A.S
NA55,"3175,8",EUROGENTEC FRANCE - STE EUROPEENNE DE BIOTECHNOLOGIE
NA55,"114,6",EUROBIO SCIENTIFIC
NA56,"2520,16",SIGMA ALDRICH CHIMIE
NA56,"2015,3",LIFE TECHNOLOGIES SAS
NA56,"914,91",FISHER SCIENTIFIC S.A.S
NA56,1275,BIO RAD
NA56,"88,2",EUROMEDEX FRANCE
NA56,"8807,77",UGAP - UNION DES GROUPEMENTS D'ACHATS PUBLICS
NA56,756,PROTEINTECH EUROPE
NA56,492,BIOLOG LIFE SCIENCE INSTITUTE - FORSCHUNGSLABOR UND BIOCHEMICA VERTRIEB GMBH
NA71,"2399,5",DOMINIQUE DUTSCHER  S.A.
NA71,701,BIO-TECHNE
NA71,"2902,22",FISHER SCIENTIFIC S.A.S
NA71,"525,29",LIFE TECHNOLOGIES SAS
NA71,161,SIGMA ALDRICH CHIMIE
NA72,"402,08",GROUPE MERIDIS LABOVER
NA73,"1031,72",MP BIOMEDICALS
NA73,"29,38",FISHER SCIENTIFIC S.A.S
NA73,"1910,85",UGAP - UNION DES GROUPEMENTS D'ACHATS PUBLICS
NA73,"529,45",MP BIOMEDICALS GERMANY
NA73,"893,4",SIGMA ALDRICH CHIMIE
NA74,"30,5",SIGMA ALDRICH CHIMIE
NA74,"1096,14",LIFE TECHNOLOGIES SAS
NA74,"717,16",FISHER SCIENTIFIC S.A.S
NA74,"95,96",FORMEDIUM
NA75,"1050,75",FISHER SCIENTIFIC S.A.S
NA75,276,INVIVOGEN
NA75,"676,6",SIGMA ALDRICH CHIMIE
NA75,"73,39",PLANKTOVIE SAS
NA75,193,PROTEOGENIX
NA76,"464,2",SIGMA ALDRICH CHIMIE
NA76,"221,73",UGAP - UNION DES GROUPEMENTS D'ACHATS PUBLICS
NA76,132,INVIVOGEN
NA77,"2854,01",SIGMA ALDRICH CHIMIE
NA77,"126,4",LIFE TECHNOLOGIES SAS
NA77,"1014,6",BIO-TECHNE - R & D SYSTEMS EUROPE LTD
NA77,240,ABCAM (NETHERLANDS) BV
NA78,"131,1",ENZO LIFE SCIENCES AG BRANCH OFFICE LYON
NA78,"67,54",LIFE TECHNOLOGIES SAS
NA78,612,SIGMA ALDRICH CHIMIE
NA78,"818,9",MP BIOMEDICALS
NA78,"26,45",FISHER SCIENTIFIC S.A.S
NA78,"206,42",GROUPE MERIDIS LABOVER
NA78,"538,01",SERLABO TECHNOLOGIES
NA79,"954,92",SIGMA ALDRICH CHIMIE
NA79,"4283,36",FISHER SCIENTIFIC S.A.S
NA79,476,CLINISCIENCES -  NEO BIOTECH
NA79,"71,2",OZYME
NA81,"456,3",NEW ENGLAND BIOLABS FRANCE
NA81,"2406,51",VECTORBUILDER INC.
NA81,"579,42",BIGELOW LABORATORY FOR OCEAN SC.
NA81,"57,9",THE SCOTTISH ASSOCIATION FOR MARINE SCIENCE
NA81,"421,65",LIFE TECHNOLOGIES SAS
NA81,0,SAMS RESEARCH SERVICES LTD
NA81,"4625,21","ADDGENE, INC*"
NA81,"597,51",SIGMA ALDRICH CHIMIE
NA81,"175,59",CHLAMYDOMONAS RESOURCE CENTER UNIVERSITY OF MINNESOTA
NA81,400,ETH ZURICH VIRAL VECTOR FACILITY VVF
NA82,0,RENAISSANCE CHEMICALSLTD
NA82,"68,2",SIGMA ALDRICH CHIMIE
NA82,"1000,4",FISHER SCIENTIFIC S.A.S
NA83,397,INTEGRATED DNA TECHNOLOGIES BVBA
NA83,"4292,34",SIGMA ALDRICH CHIMIE
NA83,"640,5",INTERCHIM SA
NA83,1440,EUROFINS GENOMICS FRANCE
NA83,"384,3",SANTA CRUZ BIOTECHNOLOGY INC
NA83,689,PROMEGA FRANCE
NA83,"68,9","ADDGENE, INC*"
NA83,"808,6",VWR INTERNATIONAL
NA83,224,MEDCHEMEXPRESS EUROPE-MEDCHEMTRONICA AB
NA83,335,PRIMAULT CHRISTOPHE - CAILLES DE CHANTELOUP
NA83,344,CLINISCIENCES -  NEO BIOTECH
NA83,"14322,77",LIFE TECHNOLOGIES SAS
NA83,"22,69",FISHER SCIENTIFIC S.A.S
NA83,"156,6",NEW ENGLAND BIOLABS FRANCE
NA83,750,INSTITUT CURIE SECTION DE RECHERCHE
NA85,106,FISHER SCIENTIFIC S.A.S
NA85,"847,4",SIGMA ALDRICH CHIMIE
NA85,"38,67",LES JARDINERIES DU SALEVE BOTANIC
NB01,"429,29",DOMINIQUE DUTSCHER  S.A.
NB01,"3833,7",UGAP - UNION DES GROUPEMENTS D'ACHATS PUBLICS
NB02,458,EPPENDORF FRANCE
NB02,"1132,02",STARLAB FRANCE
NB02,432,SIGMA ALDRICH CHIMIE
NB02,"18507,13",UGAP - UNION DES GROUPEMENTS D'ACHATS PUBLICS
NB02,"142,65",DOMINIQUE DUTSCHER  S.A.
NB03,"1080,76",UGAP - UNION DES GROUPEMENTS D'ACHATS PUBLICS
NB04,"6156,76",UGAP - UNION DES GROUPEMENTS D'ACHATS PUBLICS
NB04,"294,67",LABO MODERNE
NB04,"18,78",VWR INTERNATIONAL
NB05,"646,44",UGAP - UNION DES GROUPEMENTS D'ACHATS PUBLICS
NB05,"168,78",DOMINIQUE DUTSCHER  S.A.
NB11,"337,24",FISHER SCIENTIFIC S.A.S
NB11,"12339,98",UGAP - UNION DES GROUPEMENTS D'ACHATS PUBLICS
NB11,"345,6",V W R INTERNATIONAL
NB11,168,SIGMA ALDRICH CHIMIE
NB11,"13,96",DOMINIQUE DUTSCHER  S.A.
NB12,"731,39",UGAP - UNION DES GROUPEMENTS D'ACHATS PUBLICS
NB13,"517,38",DOMINIQUE DUTSCHER  S.A.
NB13,"146,88",STARLAB FRANCE
NB13,"554,9",SIGMA ALDRICH CHIMIE
NB13,"11997,92",UGAP - UNION DES GROUPEMENTS D'ACHATS PUBLICS
NB14,"3766,76",UGAP - UNION DES GROUPEMENTS D'ACHATS PUBLICS
NB15,"218,35",VWR INTERNATIONAL
NB15,0,ROCHE DIAGNOSTICS FRANCE
NB15,"392,76",DOMINIQUE DUTSCHER  S.A.
NB15,"214,2",BIO RAD
NB15,"738,91",UGAP - UNION DES GROUPEMENTS D'ACHATS PUBLICS
NB16,"200,21",V W R INTERNATIONAL
NB16,"1137,7",UGAP - UNION DES GROUPEMENTS D'ACHATS PUBLICS
NB16,"231,71",FISHER SCIENTIFIC S.A.S
NB16,"3174,8",DOMINIQUE DUTSCHER  S.A.
NB16,403,CLINISCIENCES -  NEO BIOTECH
NB17,364,BIO RAD
NB17,"542,94",DOMINIQUE DUTSCHER  S.A.
NB17,"4618,16",UGAP - UNION DES GROUPEMENTS D'ACHATS PUBLICS
NB17,"555,4",SIGMA ALDRICH CHIMIE
NB17,"317,42",FISHER SCIENTIFIC S.A.S
NB17,324,POLYSCIENCES EUROPE GMBH*
NB17,"1,27",LABO MODERNE
NB17,"112,4",V W R INTERNATIONAL
NB17,"392,7",VWR INTERNATIONAL
NB17,821,HILGENBERG GMBH
NB21,"378,77",FISHER SCIENTIFIC S.A.S
NB21,1642,OZYME
NB21,"234,6",BIO RAD
NB22,"74,88",FISHER SCIENTIFIC S.A.S
NB22,"340,14",DOMINIQUE DUTSCHER  S.A.
NB22,"434,26",LIFE TECHNOLOGIES SAS
NB22,"420,47",UGAP - UNION DES GROUPEMENTS D'ACHATS PUBLICS
NB22,"124,2",EUROMEDEX FRANCE
NB23,471,SIGMA ALDRICH CHIMIE
NB23,"3056,12",UGAP - UNION DES GROUPEMENTS D'ACHATS PUBLICS
NB23,"260,4",BIO-RAD FRANCE HOLDING
NB24,"6689,84",UGAP - UNION DES GROUPEMENTS D'ACHATS PUBLICS
NB24,1897,SIGMA ALDRICH CHIMIE
NB24,"690,91",DOMINIQUE DUTSCHER  S.A.
NB33,"30,3",UGAP - UNION DES GROUPEMENTS D'ACHATS PUBLICS
NB33,"42,23",REXEL FRANCE
NB34,"1723,54",UGAP - UNION DES GROUPEMENTS D'ACHATS PUBLICS
NB34,"467,28",DOMINIQUE DUTSCHER  S.A.
NB34,"84,98",FOURAGE - CTI
NB35,2482,FINE SCIENCE TOOLS GMBH
NB35,585,PMD MEDICAL
NB35,"473,3",VWR INTERNATIONAL
NB35,"195,12",THORLABS SAS
NB35,"933,6",UGAP - UNION DES GROUPEMENTS D'ACHATS PUBLICS
NB35,"629,33",PHYMEP
NB35,"230,53",DOMINIQUE DUTSCHER  S.A.
NB35,"192,22",RS ET RADIOSPARES - RS COMPONENTS SAS
NB35,"816,75",BIOVALLEY
NB35,25,VIVO-TECH
NB43,"877,08",DOMINIQUE DUTSCHER  S.A.
NB43,"311,11",UGAP - UNION DES GROUPEMENTS D'ACHATS PUBLICS
NB44,"291,45",UGAP - UNION DES GROUPEMENTS D'ACHATS PUBLICS
NB51,713,WORLD PRECISION INSTRUMENTS GERMANY GMBH
NB51,"35,4",SIGMA ALDRICH CHIMIE
NB51,"8,8",THORLABS SAS
NB51,"15,66",DOMINIQUE DUTSCHER  S.A.
NB51,"116,5",FISHER SCIENTIFIC S.A.S
NB51,"13,25",LEROY MERLIN FRANCE
NB51,"2246,69",UGAP - UNION DES GROUPEMENTS D'ACHATS PUBLICS
NB61,"96,3",SIGMA ALDRICH CHIMIE
NB61,507,VWR INTERNATIONAL
NB72,360,VWR INTERNATIONAL
NB73,"73,8",UGAP - UNION DES GROUPEMENTS D'ACHATS PUBLICS
NB75,"76,49",AMAZON PAYMENTS EUROPE S.C.A. AMAZON PAYMENTS EUROPE
NB75,"289,56",DOMINIQUE DUTSCHER  S.A.
NB77,"1915,65",DOMINIQUE DUTSCHER  S.A.
NB78,"10470,37",UGAP - UNION DES GROUPEMENTS D'ACHATS PUBLICS
NB79,"1004,61",LEICA MICROSYSTEMS SAS
NB79,1313,SIGMA ALDRICH CHIMIE
NB79,"1822,18",DOMINIQUE DUTSCHER  S.A.
NB84,"1849,97",ETABLISSEMENTS DARTY ET FILS
NB84,1044,LABO MODERNE
NB84,600,INTEGRATED DNA TECHNOLOGIES GERMANY GMBH
NB84,1580,NEGOCE CHR
NB84,"1778,39",FISHER SCIENTIFIC S.A.S
NB87,"77,58",DOMINIQUE DUTSCHER  S.A.
NC01,"1051,74",DOMINIQUE DUTSCHER  S.A.
NC01,253,BIO RAD
NC01,2036,PI FRANCE SAS
NC11,"618,17",CYTIVA EUROPE GMBH
NC14,"14320,8",DOMINIQUE DUTSCHER  S.A.
NC14,2699,PSI - PHOTON SYSTEMS INSTRUMENTS - SPOL SRO*
NC16,42455,OXFORD NANOPORE TECHNOLOGIES  PLC
NC16,9345,OXFORD NANOPORE TECHNOLOGIES LTD
NC16,28809,COMMISSARIAT A ENERGIE ATOMIQUE INSTITUT DE GENOMIQUE
NC16,980,NEW ENGLAND BIOLABS FRANCE
NC17,13801,OXFORD NANOPORE TECHNOLOGIES  PLC
NC33,321,EPPENDORF FRANCE
NC33,"2835,28",UGAP - UNION DES GROUPEMENTS D'ACHATS PUBLICS
NC41,9360,CLF PLANTCLIMATICS GMBH
NC51,"160,76",CLF PLANTCLIMATICS GMBH
NC51,"4462,6",EPPENDORF FRANCE
NC51,361,BIOZOL DIAGNOSTICA VERTRIEB GMBH
NC54,"354,8",SYSMEX FRANCE
NC54,"618,8",BECTON DICKINSON FRANCE
NC58,"297,73",PHYMEP
NC58,"253,2",CAMPDEN INSTRUMENTS LTD - CERTAIN INDEXES LTD
NC59,1425,IMEC VZW - INTERUNIVERSITAIR MICRO ELECTRONICA CENTRUM
ND01,"1090,53",GILSON INTERNATIONAL FRANCE SAS
ND01,"1375,7",STARLAB FRANCE
ND01,"791,33",UGAP - UNION DES GROUPEMENTS D'ACHATS PUBLICS
ND04,2380,CSLM
ND05,"299,01",ORTES ORGANISATION TECHNIQUE ET SCIENTIF.
ND11,"7473,28",BKER
ND11,560,E.R.CLIM SERVICES
ND12,"3693,91",FROILABO
ND12,1086,BAF
ND13,1996,APAVE EXPLOITATION FRANCE
ND13,"7294,24",MATACHANA FRANCE
ND13,"1076,8",MEDIPLAN
ND13,0,APAVE PARISIENNE SAS
ND13,"3428,26",STEAM FRANCE
ND14,664,INFORS SARL
ND14,"539,5",MEDITECH SCIENTIFIQUE
NE01,"878,53",INTEGRATED DNA TECHNOLOGIES BVBA
NE01,"11444,13",EUROFINS GENOMICS FRANCE
NE01,"15,96",LIFE TECHNOLOGIES SAS
NE01,646,ENS - ECOLE NORMALE SUPERIEURE
NE01,2505,ZWEIG Nathanaël
NE02,"14091,87",EUROFINS GENOMICS FRANCE
NE02,27,INST CERVEAU MOELLE EPINIERE
NE02,260,MACROGEN EUROPE BV
NE02,7737,"BGI TECH SOLUTIONS (HONGKONG) CO., LIMITED"
NE02,"3379,62",GENESUPPORT SA
NE02,"7437,01",CD BIOSCIENCES INC CREATIVE BIOMART - CD GENOMICS- CREATIVE DIAGNOSTICS - PROFACGEN - CREATIVE BIOLABS
NE02,850,MUSEUM NATIONAL D'HISTOIRE NATURELLE - MNHN
NE02,"2426,8",ENS - ECOLE NORMALE SUPERIEURE
NE04,0,ECOLE SUPERIEUR DE CHIMIE PARIS
NE04,"10244,9",ENS - ECOLE NORMALE SUPERIEURE
NE11,100,INSTITUT CURIE SECTION DE RECHERCHE
NE22,209,ENS - ECOLE NORMALE SUPERIEURE
NE22,"192,03",GENEWIZ FRANCE LTD
NE22,5575,MUSEUM NATIONAL D'HISTOIRE NATURELLE - MNHN
OA01,1529,EDMUND OPTICS LTD
OA01,2707,OPTOPRIM
OA01,"92,37",THORLABS SAS
OA04,84,OXFORD INSTRUMENTS SARL
OA06,"1077,2",PHYMEP
OA07,"1052,76",THORLABS SAS
OA07,"464,6",TRIOPTICS FRANCE
OA07,1570,AQUINEURO
OA07,"585,33",STEMMER IMAGING
OA11,"1344,45",MOUSER ELECTRONICS
OA14,"1574,3",IDS - IMAGING DEVELOPMENT SYSTEMS GMBH
OA14,"32,91",AMAZON BUSINESS EU SARL
OA14,"223,08",AMAZON PAYMENTS EUROPE S.C.A. AMAZON PAYMENTS EUROPE
OA14,"189,75",BNP PARIBAS - HELLO BANK
OA21,"274,69",RS ET RADIOSPARES - RS COMPONENTS SAS
OA21,"2462,04",THORLABS SAS
OA22,"314,23",THORLABS SAS
OA33,8538,COHERENT EUROPE BV
OA35,59880,SPARK LASERS
OA38,0,AMAZON PAYMENTS EUROPE S.C.A. AMAZON PAYMENTS EUROPE
OA38,"51,65",AMAZON EU SARL SUCCURSALE FRANCAISE
OA38,"21,93",BIOMEDISYST
OA39,314,MICRO CONTROLE SPECTRA PHYSICS
OA41,"293,32",THORLABS SAS
OA44,"58,32",AMAZON EU SARL SUCCURSALE FRANCAISE
OC02,1900,EUROBIO SCIENTIFIC
PB01,36,DOMINIQUE DUTSCHER  S.A.
PB21,"27,9",SUPERMAGNETE C/O WEBCRAFT GMBH
QA01,10721,ENS - ECOLE NORMALE SUPERIEURE
QA02,"45,48",NASC - THE EUROPEAN ARABIDOPSIS STOCK CENTRE - SCHOOL OF BIOSCIENCES UNIVERSITY OF NOTTINGHAM
QA12,"31,96",LE PETIT HYDROCULTEUR
QA21,"142,24",CAAHMRO GROUPE
QA24,374,CAAHMRO GROUPE
QB01,"1407,95",AGRENA
QB01,"481,66",EXPONDO GMBH
QB04,259,BETA TECH
QC01,"18043,91",BAF
RA01,"24,33",GT METAUX
RA01,"93,65",CERGY VIS
RA03,"1226,98",ABAQUEPLAST
RA15,"708,51",DOGA
RA16,1008,ETABLISSEMENTS MICHAUD ET CHAILLY
RA17,100,NORD LUFRIFIANTS
RA18,787,SHENZHEN ANYCUBIC TECHNOLOGY CO. LTD
RA19,"403,96",SHENZHEN ANYCUBIC TECHNOLOGY CO. LTD
RA19,3060,FORMLABS INC
RA22,"64,98",AMAZON EU SARL SUCCURSALE FRANCAISE
RA23,"3470,61",RS ET RADIOSPARES - RS COMPONENTS SAS
RA23,"81,5",MANUTAN
RA23,"92,84",MICRO-MODELE
RA23,"22,08",SUPERMAGNETE C/O WEBCRAFT GMBH
RA23,"17,48",AMAZON EU SARL SUCCURSALE FRANCAISE
RA23,"57,67",THORLABS SAS
RA23,"32,25",FRANPRIX - AK CLAUDE BERNARD
RA23,"137,28",AMAZON EU SARL
RA23,"28,32",COLIBRI SAS
RA31,165,ETABLISSEMENTS MICHAUD ET CHAILLY
RA32,"102,77",AMAZON EU SARL SUCCURSALE FRANCAISE
RA32,0,AMAZON PAYMENTS EUROPE S.C.A. AMAZON PAYMENTS EUROPE
RD05,"530,4",STARLAB FRANCE
TA01,"520,6",DIGI-KEY ELECTRONICS - DIGI-KEY CORPORATION
TA01,"45,67",MOUSER ELECTRONICS
TA01,"194,18",RS ET RADIOSPARES - RS COMPONENTS SAS
TA01,"17,43",AMAZON EU SARL SUCCURSALE FRANCAISE
TA01,"194,74",WURTH ELEKTRONIK FRANCE - WE-ONLINE
TA01,"95,45",AMAZON BUSINESS EU SARL
TA02,"19,54",UGAP - UNION DES GROUPEMENTS D'ACHATS PUBLICS
TA02,"84,93",AMAZON EU SARL SUCCURSALE FRANCAISE
TA03,"69,6",DISTRILIB TECHNOLOGIES
TA04,"89,25",MULTI CIRCUIT BOARDS LIMITED
TA04,"100,54",WURTH ELEKTRONIK FRANCE - WE-ONLINE
TA05,935,PASQUET MATTHIEU
TA05,"95,2",AMAZON EU SARL
TA22,"4,12",BOULHADDA BRIK
TA22,"219,13",RS ET RADIOSPARES - RS COMPONENTS SAS
TA22,"292,37",FARNELL FRANCE
TA22,"32,73",SOC ETABL COUSTOU COULEURS S0
TA22,"150,42",DIGI-KEY ELECTRONICS - DIGI-KEY CORPORATION
TA22,"243,93",AMAZON EU SARL
TA22,"39,85",AMAZON FRANCE LOGISTIQUE SAS
TA31,2150,PASQUET MATTHIEU
TB02,"201,79",PHYMEP
TB03,"9,06",AMAZON EU SARL SUCCURSALE FRANCAISE
TB03,"17,49",AMAZON BUSINESS EU SARL
TB03,4636,ANDOR TECHNOLOGY LIMITED
TB03,688,FUNDACAO CHAMPALIMAUD - ANNA DE SOMMER CHAMPALIMAUD E DR CARLOS MONTEZ CHAMPALIMAUD
TB04,219,ETABLISSEMENTS MICHAUD ET CHAILLY
TB04,"11,42",AMAZON PAYMENTS EUROPE S.C.A. AMAZON PAYMENTS EUROPE
TB04,"102,57",RS ET RADIOSPARES - RS COMPONENTS SAS
TB04,"193,82",AQUARIOPHILIE EUROPRIX
TB04,"131,3",CIE INDUS FILTRATION ET EQUIPT CHIMIQUE CIFEC
TB11,369,SECOMP FRANCE
TB11,"67,7",RS ET RADIOSPARES - RS COMPONENTS SAS
TB12,"45,19",CONRAD ELECTRONIC
TB12,"21,66",AMAZON EU SARL SUCCURSALE FRANCAISE
TB12,"4,44",UGAP - UNION DES GROUPEMENTS D'ACHATS PUBLICS
TB13,"24,25",JM BRUNEAU
VA01,"59,9",ALIBABA.COM SINGAPORE E-COMMERCE PRIVATE LIMITED
VC01,"1041,37",MIL'S
XC01,2100,EMBL - EUROPEAN MOLECULAR BIOLOGY LABORATORY
XC01,500,SORBONNE UNIVERSITE
XC01,715,SOCIETE DES NEUROSCIENCES
XC01,"918,5",ISCB - INTERNATIONAL SOCIETY FOR COMPUTATIONAL BIOLOGY INC
XC01,"45,3",HELLOASSO
XC01,177,NEUROWISSENSCHAFTLICHE GESELLSCHAFT EV
XC01,"514,58",AI FOR GLOBAL GOALS LTD
XC01,"139,07",ORTAL TOURS
XC01,"533,97",THE SOCIETY FOR FOR EXPERIMENTAL BIOLOGY SEB
XC01,"5950,24",COLD SPRING HARBOR LABORATORY INC
XC01,"1390,92",INSTITUT PASTEUR
XC01,"144,17",SOCIETY FOR NEUROSCIENCE
XC01,"239,35",BIOPHYSICAL SOCIETY
XC01,"120,58",WELLCOME CONNECTING SCIENCE COURSES AND CONFERENCES GENOME RESEARCH LIMITED
XC01,"350,27",NEURAL INFORMATION PROCESSING SYSTEMS TERRENCE SEJNOWSKI
XC01,"1196,07",DAKINI CONSEIL
XC01,"676,03",NEUROALGEBRA LIMITED
XC01,750,ASSOCIATION CLUB DES CELLULES GLIALES
XC01,1050,IRB RUDER BOSKOVIC INSTITUTE
XC01,"633,34",K.I.T. GROUP FRANCE
XC01,"4779,34",THE GENETICS SOCIETY OF AMERICA
XC01,"1037,39","KINKI NIPPON TOURIST CORPORATE BUSINESS CO., LTD"
XC01,480,BNP PARIBAS - HELLO BANK
XC01,1575,ELSEVIER LTD - CONFERENCE
XC01,150,UNIVERSIDADE DO ALGARVE
XC01,"386,06",THE JAPAN SOCIETY FOR INDUSTRIAL AND APPLIED MATHEMATICS (JSIAM) ICIAM 2023 TOKYO
XC01,350,INSERM - SIEGE NATIONAL
XC01,0,MOCHIZUKI Kazufumi
XC01,"1125,11",SOCIETY FOR MOLECULAR BIOLOGY SMBE
XC01,"137,46",CRM-CENTRE DE RECHERCHE MATHEMATIQUE UNIVERSITE DE MONTREAL
XC01,"537,5",ASSOCIATION BIEN COMMIUN
XC01,"709,35",EVENTBRITE
XC01,1240,INSERM - DR PACA ADR2
XC01,"1866,37",ALPHA VISA CONGRES SARL
XC01,340,KIT GROUP GMBH
XC01,"2613,42",GENETICS SOCIETY OF AMERICA
XC01,"700,78",IEEE FOUNDATION
XC01,155,CLUB CERVELET
XC01,"1073,22",LD ORGANISATION SPRL
XC01,425,STICHTING FOCUS ON MICROSCOPY - FOM CONFERENCE OFFICE
XC01,1160,INSIGHT OUTSIDE
XC01,425,HUMBOLDT-UNIVERSITAT ZU BERLIN
XC01,"233,33",MCI FRANCE PARIS
XC01,400,TECHNISCHE UNIVERSITAT GRAZ TU GRAZ - GRAZ UNIVERSITY OF TECHNOLOGY
XC01,"9709,19",GORDON RESEARCH CONFERENCES
XC01,1470,FUSION CONFERENCES LIMITED
XC01,525,SOC MEDITERRANEENE DE NEUROSCIENCES
XC01,"716,06",IEEE - INSTITUTE OF ELECTRICAL AND ELECTRONICS ENGINEERS INC
XC01,"1820,73",INTERNATIONAL SOCIETY FOR MOLECULAR PLANT MICROBE INTERACTIONS
XC01,390,EUROPA ORGANISATION - ALBINE CONSEIL COFRATA
XC02,80,ASSOCIATION OF ERC GRANTEES
XC02,"165,31",GENETICS SOCIETY OF AMERICA
XC02,"23,31",BIOPHYSICAL SOCIETY
XC02,"373,14",SOCIETY FOR MOLECULAR BIOLOGY SMBE
XC02,1990,BIOSCIENCES & CO
XC02,85,CLUB CERVELET
XC02,"158,12",SOCIETY FOR NEUROSCIENCE
XC13,3300,MENEZES BRAGANCA NIKITA OBLEEK DESIGNER
XC14,"7588,41",FRONTIERS MEDIA SA
XC14,"9743,51",OXFORD UNIVERSITY PRESS*
XC14,4850,JOHN WILEY & SONS LTD JOURNALS CUSTOMER SERVICES
XC14,11645,SPRINGER CUSTOMER SERVICE CENTER GMBH
XC14,4500,ELSEVIER BV
XC14,2535,KNOWLEDGE UNLATCHED - WILEY-VCH GMBH
XC14,"230,52",CALTECH - DIVISION OF GEOLOGICAL AND PLANETARY SCIENCES- CALIFORNIA INSTITUTE OF TECHNOLOGY
XC14,12440,SPRINGER NATURE LIMITED*
XC14,"2383,77",COPYRIGHT CLEARANCE CENTER
XC14,"2755,8",ELIFE SCIENCES PUBLICATIONS LTD
XC16,5190,SPRINGER CUSTOMER SERVICE CENTER GMBH
XC16,"1837,2","ELIFE SCIENCES PUBLICATIONS, LTD"
XC17,"2438,88",PUBLIC LIBRARY OF SCIENCE
XD01,"1240,2",DEMECO ENTREPRISES
XD01,"1240,2",EUROFLASH DEMENAGEMENTS
XD25,30,GRANDE CHANCELLERIE DE LA LEGION D'HONNEUR
XD61,25,LEMO FRANCE SARL
XD61,"175,2",INTEGRATED DNA TECHNOLOGIES BVBA
XD61,45,SYNAPTIC SYSTEMS GMBH
XD61,"720,11",CRLF CHARLES RIVER LABORATOIRE FRANCE
XD61,250,AIR LIQUIDE FRANCE INDUSTRIE
XD61,25,MEG
XD61,"72,75",COMITE ACTION ENTRAIDE SOCIALE CNRS VILLAGE DE VACANCES VILLA CLYTHIA
XD61,50,BIO RAD
XD61,157,LAPRO ENVIRONNEMENT
XD61,"13,2",JV2R - MAC WAY - MISTER MAC - PC WAY - STOREVA - CRAZYPHONIC
XD61,18,CSLM
XD61,"4,17",AQUARIOPHILIE EUROPRIX
XD61,"6,58",POLEMIL
XD61,26,EDMUND OPTICS LTD
XD61,"38,51",FORMEDIUM
XD61,"7,5",JM BRUNEAU
XD61,37,ENZO LIFE SCIENCES AG BRANCH OFFICE LYON
XD61,0,ABRC - ARABIDOPSIS BIOLOGICAL RESOURCE CENTER - THE OHIO STATE UNIVERSITY
XD61,43,CAAHMRO GROUPE
XD61,"28,06",FORMLABS INC
XD61,15,OXFORD INSTRUMENTS SARL
XD61,"3,6",REXEL FRANCE
XD61,104,TEBU BIO
XD61,"208,72","BGI TECH SOLUTIONS (HONGKONG) CO., LIMITED"
XD61,71,POLYSCIENCES EUROPE GMBH*
XD61,30,ETABLISSEMENTS MICHAUD ET CHAILLY
XD61,70,MEDCHEMEXPRESS EUROPE-MEDCHEMTRONICA AB
XD61,25,ACTIVE MOTIF S.A.*
XD61,25,BIOLEGEND EUROPE BV
XD61,33,WORLD PRECISION INSTRUMENTS GERMANY GMBH
XD61,52,ABAQUEPLAST
XD61,"27,8",SECOMP FRANCE
XD61,"91,43",FINE SCIENCE TOOLS GMBH
XD61,912,LIFE TECHNOLOGIES SAS
XD61,"32,5",ETABLISSEMENTS DARTY ET FILS
XD61,286,OZYME
XD61,"23,9",BIOMERS.NET GMBH
XD61,"5,35",SUPERMAGNETE C/O WEBCRAFT GMBH
XD61,45,LEICA MICROSYSTEMS SAS
XD61,50,E.R.CLIM SERVICES
XD61,20,DOMINIQUE DUTSCHER  S.A.
XD61,70,YMETRY
XD61,15,SRD GMBH - SCIENTIFIC RESEARCH AND DEVELOPMENT GMBH
XD61,"57,32",THE SCOTTISH ASSOCIATION FOR MARINE SCIENCE
XD61,"22,74",NASC - THE EUROPEAN ARABIDOPSIS STOCK CENTRE - SCHOOL OF BIOSCIENCES UNIVERSITY OF NOTTINGHAM
XD61,"15,7",SILADENT DR BOHME & SCHOPS GMBH
XD61,0,INTERCHIM SA
XD61,"19,92",GT METAUX
XD61,"11,54",DISTRILIB TECHNOLOGIES
XD61,"498,1","ADDGENE, INC*"
XD61,85,BETA TECH
XD61,"150,91",UGAP - UNION DES GROUPEMENTS D'ACHATS PUBLICS
XD61,240,PERKINELMER SAS
XD61,12,INTELLIBIO
XD61,30,EPPENDORF FRANCE
XD61,94,OXFORD NANOPORE TECHNOLOGIES LTD
XD61,0,ROTH SOCHIEL SOC CHIMIE ET ELECTROTECHN.
XD61,12,VIVO-TECH
XD61,60,CLINISCIENCES -  NEO BIOTECH
XD61,25,OPTOPRIM
XD61,"28,51",JANVIER LABS
XD61,35,DIAGENODE SA
XD61,20,STARLAB FRANCE
XD61,90,PSI - PHOTON SYSTEMS INSTRUMENTS - SPOL SRO*
XD61,0,LE PETIT HYDROCULTEUR
XD61,87,MP BIOMEDICALS
XD61,"64,5",NEW ENGLAND BIOLABS FRANCE
XD61,"92,06",THORLABS SAS
XD61,255,PROTEINTECH EUROPE
XD61,"189,78",CD BIOSCIENCES INC CREATIVE BIOMART - CD GENOMICS- CREATIVE DIAGNOSTICS - PROFACGEN - CREATIVE BIOLABS
XD61,240,REVVITY
XD61,35,TRIOPTICS FRANCE
XD61,40,GENOBIOS
XD61,22,VWR INTERNATIONAL
XD61,35,E.S.V.I. - VETOLABO
XD61,25,IDS - IMAGING DEVELOPMENT SYSTEMS GMBH
XD61,54,SOBIODA
XD61,"3,05",INTEGRATED DNA TECHNOLOGIES GERMANY GMBH
XD61,797,OXFORD NANOPORE TECHNOLOGIES  PLC
XD61,"1492,79",FISHER SCIENTIFIC S.A.S
XD61,"1067,73",TRANSCOURRIER
XD61,490,PRIMAULT CHRISTOPHE - CAILLES DE CHANTELOUP
XD61,78,STEMMER IMAGING
XD61,40,MERCK CHIMIE
XD61,1150,EUROCAPA SARL
XD61,0,SAMS RESEARCH SERVICES LTD
XD61,"50,08",FOURAGE - CTI
XD61,1740,KMV+
XD61,"3190,99",SIGMA ALDRICH CHIMIE
XD61,44,NIKON HOLDINGS EUROPE B.V.
XD61,44,V W R INTERNATIONAL
XD61,125,PHYMEP
XD61,25,ACTIVE MOTIF SA
XD61,152,MACHEREY NAGEL
XD61,"47,7",CENTRAVET PLANCOET
XD61,"29,1",ORAPI HYGIENE
XD61,35,EUROBIO SCIENTIFIC
XD61,1460,SSNIFF Spezialdiäten GmbH
XD61,25,SOFTWARE ATTITUDE
XD61,80,PERKINELMER SCIENTIFIC (FRANCE) SAS
XD61,160,ABCAM (NETHERLANDS) BV
XD61,160,JENA BIOSCIENCE GMBH
XD61,44,SANTA CRUZ BIOTECHNOLOGY INC
XD61,22,EUROGENTEC FRANCE - STE EUROPEENNE DE BIOTECHNOLOGIE
XD61,"29,95",SYSMEX FRANCE
XD61,50,AGRISERA AKTIEBOLAG
XD61,25,BIO-RAD FRANCE HOLDING
XD61,29,PROTEOGENIX
XD61,150,MICROCHEMICALS
XD61,"183,72",CRYO EXPRESS SA
XD61,"128,69",INMAC WSTORE - MISCO
XD61,400,GREENPHARMA
XD61,58,QIAGEN FRANCE SAS
XD61,45,INNOVAGEN
XD61,465,PIEZOCONCEPT
XD61,"108,73",MEDIMABS INC
XD61,"15,9",GROUPE LDLC- FRE - MULTI EXPEDITIONS MAGINEA - HARDWARE.FR
XD61,"36,5",BIO SERVICES BV*
XD61,4896,EARL LES BRUYERES
XD61,30,IMEC VZW - INTERUNIVERSITAIR MICRO ELECTRONICA CENTRUM
XD61,45,BIOZOL DIAGNOSTICA VERTRIEB GMBH
XD61,58,PLANKTOVIE SAS
XD63,"6,2",UNITED PARCEL SERVICE FRANCE UPS
XD63,"72,9",FEDEX EXPRESS FR TNT
XF01,2702,Tefor Paris-Saclay UAR2010
XF01,"327,27",Laboratoire Génome et développement des plantes UMR5096 - LGDP
XF01,"7661,05",Institut de Biologie Intégrative de la Cellule UPS3609==>UMR9198 - I2BC
XF01,0,Institut du cerveau et de la moelle épinière UMR7225 - ICM
XF01,375,Institut français de bioinformatiqu e UAR3601 - IFB core
XF01,850,"Physique des lasers, atomes et molé cules UMR8523 - PhLAM"
XF01,"4532,25",Santé Lyon-Est - Louis Léopold Olli er UAR3453
XF01,"307,5",Institut Jacques Monod UMR7592 - IJM
XF01,2960,Direction déléguée à la formation pour les entreprises UPS1564==>MOY1692 - DDFE
XF01,"140,27",Unité de logistique internationale - services et soutien aux expérien ces UAR2966 - ULISSE
XF01,0,BIOMEDTECH Facilities Neurosciences des Saints-Pères UAR2009
XF03,530,Station biologique de Roscoff FR2424 - SBR
XF04,"386,36",Approche intégrative pour une co mpréhension multi-échelles de la fonction des protéines membrana GDR2082 - APPICOM
XF04,"1681,83",Laboratoire de Biologie intégrative des modèles marins UMR7139==>UMR8227 - LBI2M
XF04,680,Institut de génétique humaine UPR1142 ==> UMR9002 - IGH
XF04,"109,09",Laboratoire Génome et développement des plantes UMR5096 - LGDP
XF04,"327,28",Laboratoire de neurosciences cognitives UMR7291 - LNC
